Workbook

Sheet Presentation Material
A1: 100 kW
A2: Lr | B2: 2e-05 | C2: Lm | D2: =B2*D3 -> 0.0006 | E2: Lmax | F2: =D5*(1/B8/2-D5)/(4*(D6+D7+D7)) -> 0.00091481481
A3: Cr | B3: =1/((2*PI()*B8)^2*B2) -> 1.4072387e-06 | C3: k | D3: 30
A4: Rac | B4: =Sheet2!$D$4 -> 8.1056947 | C4: Q | D4: =SQRT(B2/B3)/B4 -> 0.46509415
C5: dt | D5: 2e-07
A6: fn | C6: Coss | D6: 3e-10
A7: fs | C7: Cw | D7: 3e-10
A8: fr | B8: 30000
R10: new
A11: 200 kW | J11: 200 kW | M11: =0.015/K12 -> 666.1983 | R11: 200 kW | Y11: 200 kW | AB11: =0.015/Z12 -> 750
A12: Lr | B12: 1e-05 | C12: Lm | D12: =B12*D13 -> 0.0003 | E12: Lmax | F12: =D18*(1/B20/2-D18)/(4*(D19+D20+D20)) -> 0.0030169753 | J12: Lr | K12: =1/((2*PI()*K29)^2*K13) -> 2.2515819e-05 | L12: Lm | M12: =K12*M13 -> 0.00015761073 | N12: Lmax | O12: =M26/(4*M27*4*K29) -> 0.011029412 | R12: Lr | S12: =1/((2*PI()*B21)^2*S13) -> 5.0035152e-05 | T12: Lm | U12: =S12*U13 -> 0.0025017576 | V12: Lmax | W12: =U18*(1/S20/2-U18)/(4*(U19+U20+U20)) -> #DIV/0! | Y12: Lr | Z12: 2e-05 | AA12: Lm | AB12: =Z12*AB13 -> 0.00014
A13: Cr | B13: =1/((2*PI()*B21)^2*B12) -> 5.0035152e-06 | C13: k | D13: 30 | H13: =1/((2*PI()*K29)^2*K11) -> #DIV/0! | J13: Cr | K13: 1.25e-06 | L13: k | M13: 7 | N13: Ip, rms | O13: =(1000^2/8*(((1/K28)/(2*M12))^2+(PI()/Sheet2!C2)^2))^0.5 -> 335.70301 | P13: =O13*SQRT(2) -> 474.75575 | R13: Cr | S13: 1e-06 | T13: k | U13: 50 | Y13: Cr | Z13: =1/((2*PI()*Z29)^2*Z12) -> 1.4072387e-06 | AA13: k | AB13: 7
A14: Rac 100k | B14: =Sheet2!$D4 -> 8.1056947 | C14: Q 100k | D14: =SQRT($B$12/$B$13)/$B14 -> 0.17441031 | N14: Is, rms | R14: Rac 100k | S14: =Sheet2!$D4 -> 8.1056947 | T14: Q 100k | U14: =SQRT($S$12/$S$13)/$S14 -> 0.87266463
A15: Rac 200k | B15: =Sheet2!$D3 -> 4.0528473 | C15: Q 200k | D15: =SQRT($B$12/$B$13)/$B15 -> 0.34882061 | R15: Rac 200k | S15: =Sheet2!$D3 -> 4.0528473 | T15: Q 200k | U15: =SQRT($S$12/$S$13)/$S15 -> 1.7453293
A16: Rac 300k | B16: =Sheet2!$D2 -> 2.7018982 | C16: Q 300k | D16: =SQRT($B$12/$B$13)/$B16 -> 0.52323092 | J16: Rac100 | K16: =Sheet2!D10 -> 8105.6947 | M16: =SQRT(K$12/K$13)/$K16 -> 0.00052359878 | R16: Rac 300k | S16: =Sheet2!$D2 -> 2.7018982 | T16: Q 300k | U16: =SQRT($S$12/$S$13)/$S16 -> 2.6179939 | Y16: Rac100 | Z16: =Sheet2!S10 -> 0 | AB16: =SQRT(Z$12/Z$13)/$K16 -> 0.00046509415
J17: Rac500 | K17: =Sheet2!D9 -> 1621.1389 | M17: =SQRT(K$12/K$13)/$K17 -> 0.0026179939 | Y17: Rac500 | Z17: =Sheet2!S9 -> 0 | AB17: =SQRT(Z$12/Z$13)/$K17 -> 0.0023254708
C18: dt | D18: 5e-07 | J18: Rac1k | K18: =Sheet2!D8 -> 810.56947 | M18: =SQRT(K$12/K$13)/$K18 -> 0.0052359878 | Y18: Rac1k | Z18: =Sheet2!S8 -> 0 | AB18: =SQRT(Z$12/Z$13)/$K18 -> 0.0046509415
A19: fn | C19: Coss | D19: 3e-10 | J19: Rac5k | K19: =Sheet2!D7 -> 162.11389 | M19: =SQRT(K$12/K$13)/$K19 -> 0.026179939 | Y19: Rac5k | Z19: =Sheet2!S7 -> 0 | AB19: =SQRT(Z$12/Z$13)/$K19 -> 0.023254708
A20: fs | B20: 22500 | C20: Cw | D20: 3e-10 | J20: Rac10k | K20: =Sheet2!D6 -> 81.056947 | L20: Q10k | M20: =SQRT(K$12/K$13)/$K20 -> 0.052359878 | U20: =200/22.5 -> 8.8888889 | Y20: Rac10k | Z20: =Sheet2!S6 -> 0 | AA20: Q10k | AB20: =SQRT(Z$12/Z$13)/$K20 -> 0.046509415
A21: fr | B21: 22500 | J21: Rac50k | K21: =Sheet2!D5 -> 16.211389 | L21: Q50k | M21: =SQRT(K$12/K$13)/$K21 -> 0.26179939 | O21: =150/68.5 -> 2.189781 | Y21: Rac50k | Z21: =Sheet2!S5 -> 0 | AA21: Q50k | AB21: =SQRT(Z$12/Z$13)/$K21 -> 0.23254708
A22: fn | B22: =B20/B21 -> 1 | J22: Rac 100k | K22: =Sheet2!$D4 -> 8.1056947 | L22: Q 100k | M22: =SQRT(K$12/K$13)/$B14 -> 0.52359878 | Y22: Rac 100k | Z22: =Sheet2!$D4 -> 8.1056947 | AA22: Q 100k | AB22: =SQRT(Z$12/Z$13)/$B14 -> 0.46509415
J23: Rac 200k | K23: =Sheet2!$D3 -> 4.0528473 | L23: Q 200k | M23: =SQRT(K$12/K$13)/$B15 -> 1.0471976 | Y23: Rac 200k | Z23: =Sheet2!$D3 -> 4.0528473 | AA23: Q 200k | AB23: =SQRT(Z$12/Z$13)/$B15 -> 0.9301883
J24: Rac 300k | K24: =Sheet2!$D2 -> 2.7018982 | L24: Q 300k | M24: =SQRT(K$12/K$13)/$B16 -> 1.5707963 | Y24: Rac 300k | Z24: =Sheet2!$D2 -> 2.7018982 | AA24: Q 300k | AB24: =SQRT(Z$12/Z$13)/$B16 -> 1.3952825
L26: dt | M26: 3.6e-07 | AA26: dt | AB26: 2e-07
J27: fn | L27: Coss | M27: 6.8e-11 | Y27: fn | AA27: Coss | AB27: 3e-10
J28: fs | K28: 27500 | L28: Cw | M28: 3e-10 | Y28: fs | Z28: 27500 | AA28: Cw | AB28: 3e-10
J29: fr | K29: 30000 | Y29: fr | Z29: 30000
J30: fn | K30: =K28/K29 -> 0.91666667 | Y30: fn | Z30: =Z28/Z29 -> 0.91666667

Sheet Sheet2
A1: Po | B1: Vo | C1: Ro | D1: Rac | E1: Q | H1: Po | I1: Vo | J1: Ro | K1: Rac
A2: 300000 | B2: 1000 | C2: =B2^2/A2 -> 3.3333333 | D2: =8/(PI())^2*C2 -> 2.7018982 | E2: =SQRT(#REF!/#REF!)/Sheet2!D2 -> #REF! | H2: 1000 | I2: 100 | J2: =I2^2/H2 -> 10 | K2: =8/PI()^2*J2 -> 8.1056947
A3: 200000 | B3: 1000 | C3: =B3^2/A3 -> 5 | D3: =8/(PI())^2*C3 -> 4.0528473 | H3: 500 | I3: 100 | J3: =I3^2/H3 -> 20 | K3: =8/PI()^2*J3 -> 16.211389
A4: 100000 | B4: 1000 | C4: =B4^2/A4 -> 10 | D4: =8/(PI())^2*C4 -> 8.1056947 | E4: =SQRT(#REF!/#REF!)/Sheet2!D4 -> #REF! | H4: 100 | I4: 100 | J4: =I4^2/H4 -> 100 | K4: =8/PI()^2*J4 -> 81.056947
A5: 50000 | B5: 1000 | C5: =B5^2/A5 -> 20 | D5: =8/PI()^2*C5 -> 16.211389 | E5: =SQRT(#REF!/#REF!)/Sheet2!D5 -> #REF!
A6: 10000 | B6: 1000 | C6: =B6^2/A6 -> 100 | D6: =8/PI()^2*C6 -> 81.056947 | E6: =SQRT(#REF!/#REF!)/Sheet2!D6 -> #REF!
A7: 5000 | B7: 1000 | C7: =B7^2/A7 -> 200 | D7: =8/PI()^2*C7 -> 162.11389 | E7: =SQRT(#REF!/#REF!)/Sheet2!D7 -> #REF!
A8: 1000 | B8: 1000 | C8: =B8^2/A8 -> 1000 | D8: =8/PI()^2*C8 -> 810.56947 | E8: =SQRT(#REF!/#REF!)/Sheet2!D8 -> #REF!
A9: 500 | B9: 1000 | C9: =B9^2/A9 -> 2000 | D9: =8/PI()^2*C9 -> 1621.1389 | E9: =SQRT(#REF!/#REF!)/Sheet2!D9 -> #REF!
A10: 100 | B10: 1000 | C10: =B10^2/A10 -> 10000 | D10: =8/PI()^2*C10 -> 8105.6947 | E10: =SQRT(#REF!/#REF!)/Sheet2!D10 -> #REF!
A13: Po | B13: Vo | C13: Ro | D13: Rac
A14: 1000 | B14: 1000 | C14: =B14^2/A14 -> 1000 | D14: =8/PI()^2*C14 -> 810.56947
A15: 500 | B15: 1000 | C15: =B15^2/A15 -> 2000 | D15: =8/PI()^2*C15 -> 1621.1389
A16: 100 | B16: 1000 | C16: =B16^2/A16 -> 10000 | D16: =8/PI()^2*C16 -> 8105.6947

Sheet Transformer Parameters 10 turns
A1: Let's discuss using max power
A2: Po | B2: output power | C2: 300000 | E2: Ip, rms | F2: primary side current, rms | G2: =SQRT((C3^2/8)*(((1/C6)/(2*C11))^2+(PI()/C5)^2)) -> 335.86395 | H2: =SQRT(2)/2*(PI())*300000/1000+1000/(4*150*10^-6*30000) -> 721.988 | I2: phase difference | K2: =ASIN((C3*1/C6)/(4*SQRT(2)*C11*G2)) -> 0.12564802 | M2: =K2*180/PI() -> 7.1991015
A3: Vo | B3: output voltage | C3: 1000 | E3: Is, rms | F3: secondary side current, rms | G3: =G2 -> 335.86395 | I3: time difference | K3: =K2/(2*PI()*C6) -> 7.1419658e-07
A4: Io | B4: output current | C4: =C2/C3 -> 300 | E4: Ip, pk | F4: primary side current, pk | G4: =G2*SQRT(2) -> 474.98335 | H4: =SQRT(2)/2*(PI())*300000/1000+1000/(4*150*10^-6*27000) -> 728.16084 | O4: =ASIN((C3*1/C6)/(4*SQRT(2)*C11*G2)) -> 0.12564802
A5: Ro | B5: output resistance | C5: =C3/C4 -> 3.3333333 | E5: Is, pk | F5: secondary side current, pk | G5: =G3*SQRT(2) -> 474.98335 | H5: =SQRT(2)/2*(PI())*300000/1000 -> 666.43244
A6: fs | B6: switching frequency | C6: 28000 | E6: dt | F6: deadtime | K6: =4*2*PI()*C6*10^-7 -> 0.070371675
A7: fr | B7: resonant frequency | C7: 30000
A8: phi | B8: phase diff
A9: Transformer Parameters
A10: number of turns | B10: n | C10: =C11*C13/(C12*E11) -> 7.5 | D10: actual chosen | E10: 10
A11: magnetizing inductance | B11: Lm | C11: 0.00015 | D11: max saturation flux density | E11: 0.4
A12: area of center leg | B12: Ac | C12: =C23 -> 0.025 | F12: =1/3*10^-4 -> 3.3333333e-05
A13: Ipri, pk | B13: Ip, pk (estimate) | C13: 500 | E13: =10^2*2500*4*PI()*10^-7*C12/0.12 -> 0.065449847
A14: Area Product | B14: theoretical | D14: actual
A15: AwAc | B15: =B16*B17 -> 29462783 | D15: =D23*220*26 -> 143000000 | L15: =145944*3 -> 437832
A16: Aw | B16: =(10/(5*0.9)*(500/SQRT(2))*2) -> 1571.3484
A17: Ac | B17: =(C11*500)/(10*0.4)*10^6 -> 18750
A19: Transformer Dimensions | D19: mm | G19: path modelling
A20: nCore | B20: number of cores | C20: 5 | F20: half cross section | G20: =D30/2+B31+B32 -> 5.5 | I20: #1 | J20: =D22+1*G21 -> 111
A21: L_c | B21: length of center leg | C21: =250/1000 -> 0.25 | D21: =1000*C21 -> 250 | F21: whole cross section | G21: =G20*2 -> 11 | I21: #2 | J21: =D21+2*G21 -> 272
A22: W_c | B22: width of center leg | C22: =100/1000 -> 0.1 | D22: =1000*C22 -> 100 | I22: #3 | J22: =D22+G21*2 -> 122
A23: A_c | B23: area of center leg | C23: =C21*C22 -> 0.025 | D23: =1000*C23*1000 -> 25000 | I23: #4 | J23: =D21+G21*4 -> 294
A24: A_l | B24: area of right and left leg | C24: =C23/2 -> 0.0125 | D24: =1000*C24*1000 -> 12500 | I24: #5 | J24: =D22+3*G21+G21 -> 144
A25: L_l | B25: length of right and left leg | C25: =C21 -> 0.25 | D25: =1000*C25 -> 250 | I25: #6 | J25: =D21+6*G21 -> 316
A26: W_l | B26: width of right and left leg | C26: =C22/2 -> 0.05 | D26: =1000*C26 -> 50 | I26: #7 | J26: =D22+6*G21 -> 166
I27: #8 | J27: =D21+8*G21 -> 338
A28: Wire Dimensions | I28: #9
A29: Wire Height | B29: 12.5 | D29: 20 | E29: 25 | I29: #10
A30: Wire Width | B30: 8 | D30: 5 | E30: 4 | I30: #11
A31: wire coating thickness | B31: 2 | I31: #12
A32: insulation thickness | B32: 1 | I32: #13
I33: #14
I34: #15
A37: air gap | B37: =(E10^2*B40*B41*C23^2/C11-C23*(B38+B39))*1/((B41-1)*2*C23)*10^3 -> 10.278887
A38: lmc | B38: 0.36
A39: lmo | B39: 0.626
A40: uo | B40: =4*PI()*10^-7 -> 1.2566371e-06
A41: ur | B41: 2500

Sheet Transformer Parameters8 turns
A1: Let's discuss using max power
A2: Po | B2: output power | C2: 300000 | E2: Ip, rms | F2: primary side current, rms | G2: =SQRT((C3^2/8)*(((1/C6)/(2*C11))^2+(PI()/C5)^2)) -> 335.86395 | I2: phase difference | K2: =ASIN((C3*1/C6)/(4*SQRT(2)*C11*G2)) -> 0.12564802 | M2: =K2*180/PI() -> 7.1991015
A3: Vo | B3: output voltage | C3: 1000 | E3: Is, rms | F3: secondary side current, rms | G3: =G2 -> 335.86395 | I3: time difference | K3: =K2/(2*PI()*C6) -> 7.1419658e-07
A4: Io | B4: output current | C4: =C2/C3 -> 300 | E4: Ip, pk | F4: primary side current, pk | G4: =G2*SQRT(2) -> 474.98335 | O4: =ASIN((C3*1/C6)/(4*SQRT(2)*C11*G2)) -> 0.12564802
A5: Ro | B5: output resistance | C5: =C3/C4 -> 3.3333333 | E5: Is, pk | F5: secondary side current, pk | G5: =G3*SQRT(2) -> 474.98335
A6: fs | B6: switching frequency | C6: 28000 | E6: dt | F6: deadtime | K6: =4*2*PI()*C6*10^-7 -> 0.070371675
A7: fr | B7: resonant frequency | C7: 30000
A8: phi | B8: phase diff
A9: Transformer Parameters
A10: number of turns | B10: n | C10: =C11*C13/(C12*E11) -> 7.5 | D10: actual chosen | E10: 8
A11: magnetizing inductance | B11: Lm | C11: 0.00015 | D11: max saturation flux density | E11: 0.4
A12: area of center leg | B12: Ac | C12: =C23 -> 0.025 | F12: =1/3*10^-4 -> 3.3333333e-05
A13: Ipri, pk | B13: Ip, pk (estimate) | C13: 500 | E13: =10^2*2500*4*PI()*10^-7*C12/0.12 -> 0.065449847 | Q13: =1/30000/4 -> 8.3333333e-06
A14: Area Product | B14: theoretical | D14: actual
A15: AwAc | B15: =B16*B17 -> 29462783 | D15: =D23*220*26 -> 143000000 | L15: =145944*3 -> 437832
A16: Aw | B16: =(10/(5*0.9)*(500/SQRT(2))*2) -> 1571.3484
A17: Ac | B17: =(C11*500)/(10*0.4)*10^6 -> 18750
A19: Transformer Dimensions | D19: mm | G19: path modelling
A20: nCore | B20: number of cores | C20: 5 | F20: half cross section | G20: =D30/2+B31+B32 -> 5.5 | I20: #1 | J20: =D22+1*G21 -> 111
A21: L_c | B21: length of center leg | C21: =250/1000 -> 0.25 | D21: =1000*C21 -> 250 | F21: whole cross section | G21: =G20*2 -> 11 | I21: #2 | J21: =D21+2*G21 -> 272
A22: W_c | B22: width of center leg | C22: =100/1000 -> 0.1 | D22: =1000*C22 -> 100 | I22: #3 | J22: =D22+G21*2 -> 122
A23: A_c | B23: area of center leg | C23: =C21*C22 -> 0.025 | D23: =1000*C23*1000 -> 25000 | I23: #4 | J23: =D21+G21*4 -> 294
A24: A_l | B24: area of right and left leg | C24: =C23/2 -> 0.0125 | D24: =1000*C24*1000 -> 12500 | I24: #5 | J24: =D22+3*G21+G21 -> 144
A25: L_l | B25: length of right and left leg | C25: =C21 -> 0.25 | D25: =1000*C25 -> 250 | I25: #6 | J25: =D21+6*G21 -> 316
A26: W_l | B26: width of right and left leg | C26: =C22/2 -> 0.05 | D26: =1000*C26 -> 50 | I26: #7 | J26: =D22+6*G21 -> 166
I27: #8 | J27: =D21+8*G21 -> 338
A28: Wire Dimensions | I28: #9
A29: Wire Height | B29: 12.5 | D29: 20 | E29: 25 | I29: #10
A30: Wire Width | B30: 8 | D30: 5 | E30: 4 | I30: #11
A31: wire coating thickness | B31: 2 | I31: #12
A32: insulation thickness | B32: 1 | I32: #13
I33: #14
I34: #15
A37: air gap | B37: =(E10^2*B40*B41*C23^2/C11-C23*(B38+B39))*1/((B41-1)*2*C23)*10^3 -> 6.5074673
A38: lmc | B38: 0.36
A39: lmo | B39: 0.626
A40: uo | B40: =4*PI()*10^-7 -> 1.2566371e-06
A41: ur | B41: 2500

Sheet solidworks variables list
A1: nTurns | B1: 10
A2: nCore | B2: 5
A3: nGap | B3: nCore - 1
A4: totalCoreLength | B4: 250
A5: airGap | B5: 10
A6: Wire Face
A7: wireWidth | B7: 5
A8: wireHeight | B8: 20
A9: coatingThickness | B9: 2
A10: insulationThickness | B10: 1
A11: wireDistance | B11: 2*(coatingThickness+insulationThickness)
A12: centerDistance | B12: (wireHeight + coating Thickness * 2 + insulationThickness * 2) /2
A14: Transformer Core (whole piece) | D14: Transformer Core (Gap Piece)
A15: centerLegWidth | B15: 100
A16: outerLegWidth | B16: centerLegWidth/2
A17: wireToCore | B17: 10
A18: coreWindowHeight | B18: 8
A19: coreWindowWidth | B19: (wireWidth + coating Thickness * 2 + insulationThickness * 2) *2*nTurns
A20: coreToCoreGapLength | B20: (totalCoreLength - 5 * coreLength)/(nGap)
A21: coreWidth | B21: centerLegWidth + 2*(coreWindowWidth + outerLegWidth)
A22: coreLength | B22: 49
A24: Outer Core Templates
A25: outerCoreLength | B25: 176
